出力時間,目標角度(axis:0),実測角度(axis:0),実測角速度(axis:0),実測電流(axis:0),
"2021/02/08_14:21:19.300",0.000000,0.000000,0.000000,0.000000,0.000000,0.000000,0.000000,0.000000,
